email,firstName,lastName,address,address2,city,state,zip
dmcwhinney0@pinterest.com,Demetris,Mcwhinney,730 Utah Road,Apt 1615,Hialeah,Florida,33013
maimable1@cdc.gov,Marguerite,Aimable,8583 Parkside Court,,Omaha,Nebraska,68124
abonsey2@ezinearticles.com,Avigdor,Bonsey,048 Fisk Plaza,,Denver,Colorado,80262
bdealy3@liveinternet.ru,Biron,Dealy,33182 Steensland Street,Apt 641,Hartford,Connecticut,06105
rwhopples4@earthlink.net,Raff,Whopples,9037 Dapin Lane,,Kansas City,Missouri,64114
jclerk5@amazon.com,Jeniece,Clerk,79887 Prairie Rose Circle,,Visalia,California,93291
rbulford6@pen.io,Ranique,Bulford,26 Lake View Park,,Kansas City,Missouri,64130
hreveland7@omniture.com,Hayley,Reveland,96 Warner Terrace,,Lafayette,Indiana,47905
kbeurich8@wix.com,Koenraad,Beurich,4 North Hill,1st Floor,Houston,Texas,77240
ghobden9@theatlantic.com,Gerard,Hobden,25 Bay Way,Apt 844,Asheville,North Carolina,28815
grickella@telegraph.co.uk,Gib,Rickell,6 Logan Circle,,Modesto,California,95397
lhealdb@blogspot.com,Lauralee,Heald,12113 Spenser Place,,Miami,Florida,33158
cprandyc@studiopress.com,Chrisy,Prandy,4526 Gulseth Park,,Bloomington,Indiana,47405
mjodrelled@yelp.com,Maddy,Jodrelle,60836 Hanson Place,,Detroit,Michigan,48242
tbaisone@vimeo.com,Thorstein,Baison,24641 Morrow Parkway,Suite 34,London,Kentucky,40745
fvolantf@forbes.com,Franciska,Volant,960 Forest Dale Lane,,San Francisco,California,94164
cheminsleyg@sfgate.com,Caryn,Heminsley,99952 Arizona Crossing,,Columbus,Georgia,31998
lhellwigh@usnews.com,Lin,Hellwig,98983 Oakridge Street,,Monroe,Louisiana,71208
shardsi@chron.com,Stacy,Hards,115 Petterle Center,,Detroit,Michigan,48232
pshaylorj@epa.gov,Priscella,Shaylor,79230 Lillian Place,,Des Moines,Iowa,50335
fcaviek@unc.edu,Fayette,Cavie,345 Kinsman Park,,Washington,District of Columbia,20299
fglanvilll@hao123.com,Frans,Glanvill,7 Canary Trail,,New Haven,Connecticut,06520
alaugierm@technorati.com,Agace,Laugier,028 Bluestem Avenue,Apt 1894,Minneapolis,Minnesota,55448
iwanstalln@e-recht24.de,Ilysa,Wanstall,768 Stoughton Avenue,,Paterson,New Jersey,07505
mduncano@slideshare.net,Meghan,Duncan,7 Scott Place,,Elmira,New York,14905
edentithp@nhs.uk,Ethelbert,Dentith,9 Kropf Court,,Louisville,Kentucky,40215
jcurreenq@ihg.com,Jacquelin,Curreen,31 Manley Pass,,Naples,Florida,33961
ptitchenerr@blogtalkradio.com,Penny,Titchener,6476 American Ash Parkway,,Montgomery,Alabama,36195
fripshers@netscape.com,Faustine,Ripsher,85410 Roth Point,,New York City,New York,10131
dstenningst@fotki.com,Dre,Stennings,6128 Hallows Street,Room 1408,Seattle,Washington,98195
mclouttu@gov.uk,Marybelle,Cloutt,22215 Summer Ridge Hill,Apt 1570,Washington,District of Columbia,20580
gwilcev@devhub.com,Gerhard,Wilce,69860 Kipling Street,,San Diego,California,92176
ailyasovw@imageshack.us,Adele,Ilyasov,6 Mallard Street,18th Floor,Des Moines,Iowa,50310
dnuttyx@nsw.gov.au,Dominik,Nutty,74 Sommers Point,Suite 15,Madison,Wisconsin,53779
omcenenyy@ihg.com,Oneida,McEneny,56 Kings Park,,Springfield,Massachusetts,01152
pbevesz@studiopress.com,Polly,Beves,326 Jay Parkway,,El Paso,Texas,88584
bfaichnie10@rakuten.co.jp,Bertie,Faichnie,9 Donald Trail,,New York City,New York,10115
acabena11@symantec.com,Adriano,Cabena,45787 Shelley Avenue,,Spokane,Washington,99260
rcowthart12@columbia.edu,Rockey,Cowthart,423 Golf View Avenue,,Burbank,California,91505
gsquier13@wufoo.com,Garret,Squier,94 Dennis Place,19th Floor,Washington,District of Columbia,20580
lcholerton14@furl.net,Lexis,Cholerton,95227 Jay Plaza,,Las Vegas,Nevada,89125
dboutellier15@deliciousdays.com,Dorothea,Boutellier,22780 Holy Cross Crossing,,Worcester,Massachusetts,01605
hmcure16@comcast.net,Hunter,McUre,19 Dunning Court,,San Antonio,Texas,78245
aauld17@blog.com,Adora,Auld,422 Waywood Drive,,Peoria,Arizona,85383
lipgrave18@soundcloud.com,Liane,Ipgrave,3097 High Crossing Place,,Washington,District of Columbia,20244
jduddin19@ihg.com,Jackquelin,Duddin,23709 Pepper Wood Circle,Apt 1297,Salt Lake City,Utah,84120
nfancutt1a@indiatimes.com,Northrop,Fancutt,828 Crownhardt Center,,Oklahoma City,Oklahoma,73179
itredwell1b@google.cn,Ivett,Tredwell,1 Jay Drive,,Las Vegas,Nevada,89140
fmackeig1c@people.com.cn,Farrell,MacKeig,37 Rieder Hill,,Tulsa,Oklahoma,74141
slarrosa1d@ed.gov,Sheela,Larrosa,50 Evergreen Way,Apt 1440,San Francisco,California,94116
bhodjetts1e@economist.com,Brandice,Hodjetts,1986 Victoria Center,Apt 312,Johnson City,Tennessee,37605
lhaveline1f@example.com,Leontine,Haveline,8 Darwin Plaza,Suite 67,Albany,New York,12205
ppiotrowski1g@ehow.com,Pansy,Piotrowski,7 Esker Junction,,Largo,Florida,34643
kredbourn1h@china.com.cn,Kellyann,Redbourn,344 Bluestem Place,,Waco,Texas,76711
dlauritzen1i@globo.com,Dru,Lauritzen,0112 Roxbury Avenue,,Little Rock,Arkansas,72222
nhelder1j@lulu.com,Nance,Helder,481 Tennessee Trail,,Garden Grove,California,92844
gtuther1k@studiopress.com,Gibb,Tuther,8 Roth Terrace,,Johnstown,Pennsylvania,15906
tpowers1l@reuters.com,Tamarra,Powers,087 Golf Course Point,,Irving,Texas,75037
aharly1m@twitpic.com,Alley,Harly,7 Kings Parkway,Room 1938,Independence,Missouri,64054
dsabban1n@independent.co.uk,Derry,Sabban,51331 Goodland Plaza,,Worcester,Massachusetts,01610
enewton1o@columbia.edu,Elinor,Newton,91807 Boyd Drive,,Daytona Beach,Florida,32123
pbyrde1p@cornell.edu,Pierson,Byrde,86268 Toban Court,Suite 11,Tacoma,Washington,98464
mkinlock1q@bloglines.com,Murvyn,Kinlock,55 Lakewood Junction,PO Box 15604,Chicago,Illinois,60630
hsandiford1r@cmu.edu,Hiram,Sandiford,65 Fuller Center,,Austin,Texas,78732
moliff1s@aol.com,Maire,Oliff,363 Surrey Lane,,Los Angeles,California,90071
fcraggs1t@blogger.com,Faythe,Craggs,237 Carey Circle,,Hampton,Virginia,23663
rbrahams1u@google.com,Ryley,Brahams,9 Kropf Crossing,Room 79,Houston,Texas,77281
vygou1v@patch.com,Vern,Ygou,8534 Marquette Junction,,Kansas City,Missouri,64114
wgamwell1w@furl.net,Wain,Gamwell,6 Pennsylvania Court,Suite 11,Orlando,Florida,32885
dtwiddy1x@va.gov,Deny,Twiddy,24 Pine View Crossing,,Atlanta,Georgia,30392
rsarginson1y@opensource.org,Robbin,Sarginson,2482 Anniversary Circle,,Las Vegas,Nevada,89105
elively1z@psu.edu,Elyn,Lively,7 Hansons Circle,,Birmingham,Alabama,35263
umeins20@dropbox.com,Urbano,Meins,8378 Harper Hill,Suite 15,Lakewood,Washington,98498
tabilowitz21@bloglovin.com,Torry,Abilowitz,6 Debra Street,,Albuquerque,New Mexico,87201
cspurman22@drupal.org,Colleen,Spurman,27 Mcbride Crossing,,New York City,New York,10125
cmcgoogan23@networkadvertising.org,Cad,McGoogan,4 Schmedeman Point,,Lexington,Kentucky,40576
bfrankcombe24@washington.edu,Brooke,Frankcombe,66 Maple Wood Place,11th Floor,Saint Petersburg,Florida,33705
ofierro25@patch.com,Ogdon,Fierro,4488 Hazelcrest Parkway,,Burbank,California,91520
olomansey26@amazon.com,Ole,Lomansey,8968 Thompson Alley,Suite 84,San Luis Obispo,California,93407
cferro27@blogspot.com,Christian,Ferro,18890 Clyde Gallagher Way,1st Floor,Topeka,Kansas,66611
ematussow28@nature.com,Elias,Matussow,07 Susan Court,,Fresno,California,93762
skillford29@wunderground.com,Sela,Killford,78 Messerschmidt Pass,PO Box 74887,Washington,District of Columbia,20392
mpendock2a@sakura.ne.jp,Merl,Pendock,963 Memorial Parkway,,Montpelier,Vermont,05609
urosita2b@salon.com,Ursuline,Rosita,969 Sachtjen Alley,,Buffalo,New York,14269
cmatushevitz2c@miitbeian.gov.cn,Codi,Matushevitz,007 Erie Road,PO Box 28151,Sioux Falls,South Dakota,57105
lmallindine2d@opensource.org,Lavina,Mallindine,885 Fisk Hill,Room 1534,Atlanta,Georgia,31190
kbeincken2e@soundcloud.com,Karee,Beincken,1 Sage Court,,Sacramento,California,95852
nnorval2f@squidoo.com,Nate,Norval,240 Linden Alley,2nd Floor,Newark,Delaware,19714
glaidlaw2g@simplemachines.org,Genna,Laidlaw,2 Cascade Road,,Greensboro,North Carolina,27409
cpuddefoot2h@hostgator.com,Chrissie,Puddefoot,294 Michigan Alley,,Honolulu,Hawaii,96835
jpieterick2i@wordpress.org,Johnna,Pieterick,9 8th Center,Suite 33,Minneapolis,Minnesota,55407
achatterton2j@typepad.com,Augie,Chatterton,7 Schurz Street,,Memphis,Tennessee,38181
kearngy2k@washington.edu,Krissie,Earngy,460 Heath Drive,,San Diego,California,92160
fhanhard2l@yahoo.com,Farah,Hanhard,6 Packers Court,,Athens,Georgia,30605
cquye2m@friendfeed.com,Cherin,Quye,022 Heffernan Pass,Room 44,Macon,Georgia,31296
orennebach2n@theglobeandmail.com,Oralie,Rennebach,626 Chive Lane,,Pueblo,Colorado,81015
rrodolf2o@oracle.com,Reggie,Rodolf,691 Parkside Plaza,Room 1941,Oklahoma City,Oklahoma,73119
bstracey2p@ebay.co.uk,Becca,Stracey,8477 Truax Drive,Apt 542,Toledo,Ohio,43615
ldirr2q@people.com.cn,Lexie,Dirr,48 Old Shore Avenue,,Sioux Falls,South Dakota,57193
ppude2r@bbb.org,Patrice,Pude,5812 Northridge Court,,Biloxi,Mississippi,39534
